ID,Country,ISO3,Unit,CTS_Name,Year,Month,Value
1,World,WLD,Parts Per Million,Atmospheric Carbon Dioxide Concentrations,1958,03,315.7
2,World,WLD,Parts Per Million,Atmospheric Carbon Dioxide Concentrations,1958,04,317.45
3,World,WLD,Parts Per Million,Atmospheric Carbon Dioxide Concentrations,1958,05,317.51
4,World,WLD,Parts Per Million,Atmospheric Carbon Dioxide Concentrations,1958,06,317.24
5,World,WLD,Parts Per Million,Atmospheric Carbon Dioxide Concentrations,1958,07,315.86
6,World,WLD,Parts Per Million,Atmospheric Carbon Dioxide Concentrations,1958,08,314.93
7,World,WLD,Parts Per Million,Atmospheric Carbon Dioxide Concentrations,1958,09,313.2
8,World,WLD,Parts Per Million,Atmospheric Carbon Dioxide Concentrations,1958,10,312.43
9,World,WLD,Parts Per Million,Atmospheric Carbon Dioxide Concentrations,1958,11,313.33
10,World,WLD,Parts Per Million,Atmospheric Carbon Dioxide Concentrations,1958,12,314.67
11,World,WLD,Parts Per Million,Atmospheric Carbon Dioxide Concentrations,1959,01,315.58
12,World,WLD,Parts Per Million,Atmospheric Carbon Dioxide Concentrations,1959,02,316.48
13,World,WLD,Parts Per Million,Atmospheric Carbon Dioxide Concentrations,1959,03,316.65
15,World,WLD,Parts Per Million,Atmospheric Carbon Dioxide Concentrations,1959,04,317.72
17,World,WLD,Parts Per Million,Atmospheric Carbon Dioxide Concentrations,1959,05,318.29
19,World,WLD,Parts Per Million,Atmospheric Carbon Dioxide Concentrations,1959,06,318.15
21,World,WLD,Parts Per Million,Atmospheric Carbon Dioxide Concentrations,1959,07,316.54
23,World,WLD,Parts Per Million,Atmospheric Carbon Dioxide Concentrations,1959,08,314.8
25,World,WLD,Parts Per Million,Atmospheric Carbon Dioxide Concentrations,1959,09,313.84
27,World,WLD,Parts Per Million,Atmospheric Carbon Dioxide Concentrations,1959,10,313.33
29,World,WLD,Parts Per Million,Atmospheric Carbon Dioxide Concentrations,1959,11,314.81
31,World,WLD,Parts Per Million,Atmospheric Carbon Dioxide Concentrations,1959,12,315.58
33,World,WLD,Parts Per Million,Atmospheric Carbon Dioxide Concentrations,1960,01,316.43
35,World,WLD,Parts Per Million,Atmospheric Carbon Dioxide Concentrations,1960,02,316.98
37,World,WLD,Parts Per Million,Atmospheric Carbon Dioxide Concentrations,1960,03,317.58
39,World,WLD,Parts Per Million,Atmospheric Carbon Dioxide Concentrations,1960,04,319.03
41,World,WLD,Parts Per Million,Atmospheric Carbon Dioxide Concentrations,1960,05,320.04
43,World,WLD,Parts Per Million,Atmospheric Carbon Dioxide Concentrations,1960,06,319.59
45,World,WLD,Parts Per Million,Atmospheric Carbon Dioxide Concentrations,1960,07,318.18
47,World,WLD,Parts Per Million,Atmospheric Carbon Dioxide Concentrations,1960,08,315.9
49,World,WLD,Parts Per Million,Atmospheric Carbon Dioxide Concentrations,1960,09,314.17
51,World,WLD,Parts Per Million,Atmospheric Carbon Dioxide Concentrations,1960,10,313.83
53,World,WLD,Parts Per Million,Atmospheric Carbon Dioxide Concentrations,1960,11,315
55,World,WLD,Parts Per Million,Atmospheric Carbon Dioxide Concentrations,1960,12,316.19
57,World,WLD,Parts Per Million,Atmospheric Carbon Dioxide Concentrations,1961,01,316.89
59,World,WLD,Parts Per Million,Atmospheric Carbon Dioxide Concentrations,1961,02,317.7
61,World,WLD,Parts Per Million,Atmospheric Carbon Dioxide Concentrations,1961,03,318.54
63,World,WLD,Parts Per Million,Atmospheric Carbon Dioxide Concentrations,1961,04,319.48
65,World,WLD,Parts Per Million,Atmospheric Carbon Dioxide Concentrations,1961,05,320.58
67,World,WLD,Parts Per Million,Atmospheric Carbon Dioxide Concentrations,1961,06,319.77
69,World,WLD,Parts Per Million,Atmospheric Carbon Dioxide Concentrations,1961,07,318.57
71,World,WLD,Parts Per Million,Atmospheric Carbon Dioxide Concentrations,1961,08,316.79
73,World,WLD,Parts Per Million,Atmospheric Carbon Dioxide Concentrations,1961,09,314.99
75,World,WLD,Parts Per Million,Atmospheric Carbon Dioxide Concentrations,1961,10,315.31
77,World,WLD,Parts Per Million,Atmospheric Carbon Dioxide Concentrations,1961,11,316.1
79,World,WLD,Parts Per Million,Atmospheric Carbon Dioxide Concentrations,1961,12,317.01
81,World,WLD,Parts Per Million,Atmospheric Carbon Dioxide Concentrations,1962,01,317.94
83,World,WLD,Parts Per Million,Atmospheric Carbon Dioxide Concentrations,1962,02,318.55
85,World,WLD,Parts Per Million,Atmospheric Carbon Dioxide Concentrations,1962,03,319.68
87,World,WLD,Parts Per Million,Atmospheric Carbon Dioxide Concentrations,1962,04,320.57
89,World,WLD,Parts Per Million,Atmospheric Carbon Dioxide Concentrations,1962,05,321.02
91,World,WLD,Parts Per Million,Atmospheric Carbon Dioxide Concentrations,1962,06,320.62
93,World,WLD,Parts Per Million,Atmospheric Carbon Dioxide Concentrations,1962,07,319.61
95,World,WLD,Parts Per Million,Atmospheric Carbon Dioxide Concentrations,1962,08,317.4
97,World,WLD,Parts Per Million,Atmospheric Carbon Dioxide Concentrations,1962,09,316.25
99,World,WLD,Parts Per Million,Atmospheric Carbon Dioxide Concentrations,1962,10,315.42
101,World,WLD,Parts Per Million,Atmospheric Carbon Dioxide Concentrations,1962,11,316.69
103,World,WLD,Parts Per Million,Atmospheric Carbon Dioxide Concentrations,1962,12,317.7
105,World,WLD,Parts Per Million,Atmospheric Carbon Dioxide Concentrations,1963,01,318.74
107,World,WLD,Parts Per Million,Atmospheric Carbon Dioxide Concentrations,1963,02,319.07
109,World,WLD,Parts Per Million,Atmospheric Carbon Dioxide Concentrations,1963,03,319.86
111,World,WLD,Parts Per Million,Atmospheric Carbon Dioxide Concentrations,1963,04,321.38
113,World,WLD,Parts Per Million,Atmospheric Carbon Dioxide Concentrations,1963,05,322.25
115,World,WLD,Parts Per Million,Atmospheric Carbon Dioxide Concentrations,1963,06,321.48
117,World,WLD,Parts Per Million,Atmospheric Carbon Dioxide Concentrations,1963,07,319.74
119,World,WLD,Parts Per Million,Atmospheric Carbon Dioxide Concentrations,1963,08,317.77
121,World,WLD,Parts Per Million,Atmospheric Carbon Dioxide Concentrations,1963,09,316.21
123,World,WLD,Parts Per Million,Atmospheric Carbon Dioxide Concentrations,1963,10,315.99
125,World,WLD,Parts Per Million,Atmospheric Carbon Dioxide Concentrations,1963,11,317.07
127,World,WLD,Parts Per Million,Atmospheric Carbon Dioxide Concentrations,1963,12,318.35
129,World,WLD,Parts Per Million,Atmospheric Carbon Dioxide Concentrations,1964,01,319.57
131,World,WLD,Parts Per Million,Atmospheric Carbon Dioxide Concentrations,1964,02,320.01
133,World,WLD,Parts Per Million,Atmospheric Carbon Dioxide Concentrations,1964,03,320.74
135,World,WLD,Parts Per Million,Atmospheric Carbon Dioxide Concentrations,1964,04,321.84
137,World,WLD,Parts Per Million,Atmospheric Carbon Dioxide Concentrations,1964,05,322.26
139,World,WLD,Parts Per Million,Atmospheric Carbon Dioxide Concentrations,1964,06,321.89
141,World,WLD,Parts Per Million,Atmospheric Carbon Dioxide Concentrations,1964,07,320.44
143,World,WLD,Parts Per Million,Atmospheric Carbon Dioxide Concentrations,1964,08,318.69
145,World,WLD,Parts Per Million,Atmospheric Carbon Dioxide Concentrations,1964,09,316.7
147,World,WLD,Parts Per Million,Atmospheric Carbon Dioxide Concentrations,1964,10,316.87
149,World,WLD,Parts Per Million,Atmospheric Carbon Dioxide Concentrations,1964,11,317.68
151,World,WLD,Parts Per Million,Atmospheric Carbon Dioxide Concentrations,1964,12,318.71
153,World,WLD,Parts Per Million,Atmospheric Carbon Dioxide Concentrations,1965,01,319.44
155,World,WLD,Parts Per Million,Atmospheric Carbon Dioxide Concentrations,1965,02,320.44
157,World,WLD,Parts Per Million,Atmospheric Carbon Dioxide Concentrations,1965,03,320.89
159,World,WLD,Parts Per Million,Atmospheric Carbon Dioxide Concentrations,1965,04,322.14
161,World,WLD,Parts Per Million,Atmospheric Carbon Dioxide Concentrations,1965,05,322.17
163,World,WLD,Parts Per Million,Atmospheric Carbon Dioxide Concentrations,1965,06,321.87
165,World,WLD,Parts Per Million,Atmospheric Carbon Dioxide Concentrations,1965,07,321.21
167,World,WLD,Parts Per Million,Atmospheric Carbon Dioxide Concentrations,1965,08,318.87
169,World,WLD,Parts Per Million,Atmospheric Carbon Dioxide Concentrations,1965,09,317.81
171,World,WLD,Parts Per Million,Atmospheric Carbon Dioxide Concentrations,1965,10,317.3
173,World,WLD,Parts Per Million,Atmospheric Carbon Dioxide Concentrations,1965,11,318.87
175,World,WLD,Parts Per Million,Atmospheric Carbon Dioxide Concentrations,1965,12,319.42
177,World,WLD,Parts Per Million,Atmospheric Carbon Dioxide Concentrations,1966,01,320.62
179,World,WLD,Parts Per Million,Atmospheric Carbon Dioxide Concentrations,1966,02,321.6
181,World,WLD,Parts Per Million,Atmospheric Carbon Dioxide Concentrations,1966,03,322.39
183,World,WLD,Parts Per Million,Atmospheric Carbon Dioxide Concentrations,1966,04,323.7
185,World,WLD,Parts Per Million,Atmospheric Carbon Dioxide Concentrations,1966,05,324.08
187,World,WLD,Parts Per Million,Atmospheric Carbon Dioxide Concentrations,1966,06,323.75
189,World,WLD,Parts Per Million,Atmospheric Carbon Dioxide Concentrations,1966,07,322.38
191,World,WLD,Parts Per Million,Atmospheric Carbon Dioxide Concentrations,1966,08,320.36
193,World,WLD,Parts Per Million,Atmospheric Carbon Dioxide Concentrations,1966,09,318.64
195,World,WLD,Parts Per Million,Atmospheric Carbon Dioxide Concentrations,1966,10,318.1
197,World,WLD,Parts Per Million,Atmospheric Carbon Dioxide Concentrations,1966,11,319.78
199,World,WLD,Parts Per Million,Atmospheric Carbon Dioxide Concentrations,1966,12,321.03
201,World,WLD,Parts Per Million,Atmospheric Carbon Dioxide Concentrations,1967,01,322.33
203,World,WLD,Parts Per Million,Atmospheric Carbon Dioxide Concentrations,1967,02,322.5
205,World,WLD,Parts Per Million,Atmospheric Carbon Dioxide Concentrations,1967,03,323.04
207,World,WLD,Parts Per Million,Atmospheric Carbon Dioxide Concentrations,1967,04,324.42
209,World,WLD,Parts Per Million,Atmospheric Carbon Dioxide Concentrations,1967,05,325
211,World,WLD,Parts Per Million,Atmospheric Carbon Dioxide Concentrations,1967,06,324.09
213,World,WLD,Parts Per Million,Atmospheric Carbon Dioxide Concentrations,1967,07,322.54
215,World,WLD,Parts Per Million,Atmospheric Carbon Dioxide Concentrations,1967,08,320.92
217,World,WLD,Parts Per Million,Atmospheric Carbon Dioxide Concentrations,1967,09,319.25
219,World,WLD,Parts Per Million,Atmospheric Carbon Dioxide Concentrations,1967,10,319.39
221,World,WLD,Parts Per Million,Atmospheric Carbon Dioxide Concentrations,1967,11,320.73
223,World,WLD,Parts Per Million,Atmospheric Carbon Dioxide Concentrations,1967,12,321.96
225,World,WLD,Parts Per Million,Atmospheric Carbon Dioxide Concentrations,1968,01,322.57
227,World,WLD,Parts Per Million,Atmospheric Carbon Dioxide Concentrations,1968,02,323.15
229,World,WLD,Parts Per Million,Atmospheric Carbon Dioxide Concentrations,1968,03,323.89
231,World,WLD,Parts Per Million,Atmospheric Carbon Dioxide Concentrations,1968,04,325.02
233,World,WLD,Parts Per Million,Atmospheric Carbon Dioxide Concentrations,1968,05,325.57
235,World,WLD,Parts Per Million,Atmospheric Carbon Dioxide Concentrations,1968,06,325.36
237,World,WLD,Parts Per Million,Atmospheric Carbon Dioxide Concentrations,1968,07,324.14
239,World,WLD,Parts Per Million,Atmospheric Carbon Dioxide Concentrations,1968,08,322.11
241,World,WLD,Parts Per Million,Atmospheric Carbon Dioxide Concentrations,1968,09,320.33
243,World,WLD,Parts Per Million,Atmospheric Carbon Dioxide Concentrations,1968,10,320.25
245,World,WLD,Parts Per Million,Atmospheric Carbon Dioxide Concentrations,1968,11,321.32
247,World,WLD,Parts Per Million,Atmospheric Carbon Dioxide Concentrations,1968,12,322.89
249,World,WLD,Parts Per Million,Atmospheric Carbon Dioxide Concentrations,1969,01,324
251,World,WLD,Parts Per Million,Atmospheric Carbon Dioxide Concentrations,1969,02,324.42
253,World,WLD,Parts Per Million,Atmospheric Carbon Dioxide Concentrations,1969,03,325.63
255,World,WLD,Parts Per Million,Atmospheric Carbon Dioxide Concentrations,1969,04,326.66
257,World,WLD,Parts Per Million,Atmospheric Carbon Dioxide Concentrations,1969,05,327.38
259,World,WLD,Parts Per Million,Atmospheric Carbon Dioxide Concentrations,1969,06,326.71
261,World,WLD,Parts Per Million,Atmospheric Carbon Dioxide Concentrations,1969,07,325.88
263,World,WLD,Parts Per Million,Atmospheric Carbon Dioxide Concentrations,1969,08,323.66
265,World,WLD,Parts Per Million,Atmospheric Carbon Dioxide Concentrations,1969,09,322.38
267,World,WLD,Parts Per Million,Atmospheric Carbon Dioxide Concentrations,1969,10,321.78
269,World,WLD,Parts Per Million,Atmospheric Carbon Dioxide Concentrations,1969,11,322.86
271,World,WLD,Parts Per Million,Atmospheric Carbon Dioxide Concentrations,1969,12,324.12
273,World,WLD,Parts Per Million,Atmospheric Carbon Dioxide Concentrations,1970,01,325.06
275,World,WLD,Parts Per Million,Atmospheric Carbon Dioxide Concentrations,1970,02,325.98
277,World,WLD,Parts Per Million,Atmospheric Carbon Dioxide Concentrations,1970,03,326.93
279,World,WLD,Parts Per Million,Atmospheric Carbon Dioxide Concentrations,1970,04,328.13
281,World,WLD,Parts Per Million,Atmospheric Carbon Dioxide Concentrations,1970,05,328.08
283,World,WLD,Parts Per Million,Atmospheric Carbon Dioxide Concentrations,1970,06,327.67
285,World,WLD,Parts Per Million,Atmospheric Carbon Dioxide Concentrations,1970,07,326.34
287,World,WLD,Parts Per Million,Atmospheric Carbon Dioxide Concentrations,1970,08,324.69
289,World,WLD,Parts Per Million,Atmospheric Carbon Dioxide Concentrations,1970,09,323.1
291,World,WLD,Parts Per Million,Atmospheric Carbon Dioxide Concentrations,1970,10,323.06
293,World,WLD,Parts Per Million,Atmospheric Carbon Dioxide Concentrations,1970,11,324.01
295,World,WLD,Parts Per Million,Atmospheric Carbon Dioxide Concentrations,1970,12,325.13
297,World,WLD,Parts Per Million,Atmospheric Carbon Dioxide Concentrations,1971,01,326.17
299,World,WLD,Parts Per Million,Atmospheric Carbon Dioxide Concentrations,1971,02,326.68
301,World,WLD,Parts Per Million,Atmospheric Carbon Dioxide Concentrations,1971,03,327.17
303,World,WLD,Parts Per Million,Atmospheric Carbon Dioxide Concentrations,1971,04,327.79
305,World,WLD,Parts Per Million,Atmospheric Carbon Dioxide Concentrations,1971,05,328.93
307,World,WLD,Parts Per Million,Atmospheric Carbon Dioxide Concentrations,1971,06,328.57
309,World,WLD,Parts Per Million,Atmospheric Carbon Dioxide Concentrations,1971,07,327.36
311,World,WLD,Parts Per Million,Atmospheric Carbon Dioxide Concentrations,1971,08,325.43
313,World,WLD,Parts Per Million,Atmospheric Carbon Dioxide Concentrations,1971,09,323.36
315,World,WLD,Parts Per Million,Atmospheric Carbon Dioxide Concentrations,1971,10,323.56
317,World,WLD,Parts Per Million,Atmospheric Carbon Dioxide Concentrations,1971,11,324.8
319,World,WLD,Parts Per Million,Atmospheric Carbon Dioxide Concentrations,1971,12,326.01
321,World,WLD,Parts Per Million,Atmospheric Carbon Dioxide Concentrations,1972,01,326.77
323,World,WLD,Parts Per Million,Atmospheric Carbon Dioxide Concentrations,1972,02,327.63
325,World,WLD,Parts Per Million,Atmospheric Carbon Dioxide Concentrations,1972,03,327.75
327,World,WLD,Parts Per Million,Atmospheric Carbon Dioxide Concentrations,1972,04,329.72
329,World,WLD,Parts Per Million,Atmospheric Carbon Dioxide Concentrations,1972,05,330.07
331,World,WLD,Parts Per Million,Atmospheric Carbon Dioxide Concentrations,1972,06,329.09
333,World,WLD,Parts Per Million,Atmospheric Carbon Dioxide Concentrations,1972,07,328.04
335,World,WLD,Parts Per Million,Atmospheric Carbon Dioxide Concentrations,1972,08,326.32
337,World,WLD,Parts Per Million,Atmospheric Carbon Dioxide Concentrations,1972,09,324.84
339,World,WLD,Parts Per Million,Atmospheric Carbon Dioxide Concentrations,1972,10,325.2
341,World,WLD,Parts Per Million,Atmospheric Carbon Dioxide Concentrations,1972,11,326.5
343,World,WLD,Parts Per Million,Atmospheric Carbon Dioxide Concentrations,1972,12,327.55
345,World,WLD,Parts Per Million,Atmospheric Carbon Dioxide Concentrations,1973,01,328.55
347,World,WLD,Parts Per Million,Atmospheric Carbon Dioxide Concentrations,1973,02,329.56
349,World,WLD,Parts Per Million,Atmospheric Carbon Dioxide Concentrations,1973,03,330.3
351,World,WLD,Parts Per Million,Atmospheric Carbon Dioxide Concentrations,1973,04,331.5
353,World,WLD,Parts Per Million,Atmospheric Carbon Dioxide Concentrations,1973,05,332.48
355,World,WLD,Parts Per Million,Atmospheric Carbon Dioxide Concentrations,1973,06,332.07
357,World,WLD,Parts Per Million,Atmospheric Carbon Dioxide Concentrations,1973,07,330.87
359,World,WLD,Parts Per Million,Atmospheric Carbon Dioxide Concentrations,1973,08,329.31
361,World,WLD,Parts Per Million,Atmospheric Carbon Dioxide Concentrations,1973,09,327.51
363,World,WLD,Parts Per Million,Atmospheric Carbon Dioxide Concentrations,1973,10,327.18
365,World,WLD,Parts Per Million,Atmospheric Carbon Dioxide Concentrations,1973,11,328.16
367,World,WLD,Parts Per Million,Atmospheric Carbon Dioxide Concentrations,1973,12,328.64
369,World,WLD,Parts Per Million,Atmospheric Carbon Dioxide Concentrations,1974,01,329.35
371,World,WLD,Parts Per Million,Atmospheric Carbon Dioxide Concentrations,1974,02,330.71
373,World,WLD,Parts Per Million,Atmospheric Carbon Dioxide Concentrations,1974,03,331.48
375,World,WLD,Parts Per Million,Atmospheric Carbon Dioxide Concentrations,1974,04,332.65
377,World,WLD,Parts Per Million,Atmospheric Carbon Dioxide Concentrations,1974,05,333.18
379,World,WLD,Parts Per Million,Atmospheric Carbon Dioxide Concentrations,1974,06,332.2
381,World,WLD,Parts Per Million,Atmospheric Carbon Dioxide Concentrations,1974,07,331.07
383,World,WLD,Parts Per Million,Atmospheric Carbon Dioxide Concentrations,1974,08,329.15
385,World,WLD,Parts Per Million,Atmospheric Carbon Dioxide Concentrations,1974,09,327.33
387,World,WLD,Parts Per Million,Atmospheric Carbon Dioxide Concentrations,1974,10,327.28
389,World,WLD,Parts Per Million,Atmospheric Carbon Dioxide Concentrations,1974,11,328.31
391,World,WLD,Parts Per Million,Atmospheric Carbon Dioxide Concentrations,1974,12,329.58
393,World,WLD,Parts Per Million,Atmospheric Carbon Dioxide Concentrations,1975,01,330.73
395,World,WLD,Parts Per Million,Atmospheric Carbon Dioxide Concentrations,1975,02,331.46
397,World,WLD,Parts Per Million,Atmospheric Carbon Dioxide Concentrations,1975,03,331.94
399,World,WLD,Parts Per Million,Atmospheric Carbon Dioxide Concentrations,1975,04,333.11
401,World,WLD,Parts Per Million,Atmospheric Carbon Dioxide Concentrations,1975,05,333.95
403,World,WLD,Parts Per Million,Atmospheric Carbon Dioxide Concentrations,1975,06,333.42
405,World,WLD,Parts Per Million,Atmospheric Carbon Dioxide Concentrations,1975,07,331.97
407,World,WLD,Parts Per Million,Atmospheric Carbon Dioxide Concentrations,1975,08,329.95
409,World,WLD,Parts Per Million,Atmospheric Carbon Dioxide Concentrations,1975,09,328.5
411,World,WLD,Parts Per Million,Atmospheric Carbon Dioxide Concentrations,1975,10,328.36
413,World,WLD,Parts Per Million,Atmospheric Carbon Dioxide Concentrations,1975,11,329.38
415,World,WLD,Parts Per Million,Atmospheric Carbon Dioxide Concentrations,1975,12,330.79
417,World,WLD,Parts Per Million,Atmospheric Carbon Dioxide Concentrations,1976,01,331.56
419,World,WLD,Parts Per Million,Atmospheric Carbon Dioxide Concentrations,1976,02,332.74
421,World,WLD,Parts Per Million,Atmospheric Carbon Dioxide Concentrations,1976,03,333.36
423,World,WLD,Parts Per Million,Atmospheric Carbon Dioxide Concentrations,1976,04,334.74
425,World,WLD,Parts Per Million,Atmospheric Carbon Dioxide Concentrations,1976,05,334.72
427,World,WLD,Parts Per Million,Atmospheric Carbon Dioxide Concentrations,1976,06,333.98
429,World,WLD,Parts Per Million,Atmospheric Carbon Dioxide Concentrations,1976,07,333.08
431,World,WLD,Parts Per Million,Atmospheric Carbon Dioxide Concentrations,1976,08,330.68
433,World,WLD,Parts Per Million,Atmospheric Carbon Dioxide Concentrations,1976,09,328.96
435,World,WLD,Parts Per Million,Atmospheric Carbon Dioxide Concentrations,1976,10,328.72
437,World,WLD,Parts Per Million,Atmospheric Carbon Dioxide Concentrations,1976,11,330.16
439,World,WLD,Parts Per Million,Atmospheric Carbon Dioxide Concentrations,1976,12,331.62
441,World,WLD,Parts Per Million,Atmospheric Carbon Dioxide Concentrations,1977,01,332.68
443,World,WLD,Parts Per Million,Atmospheric Carbon Dioxide Concentrations,1977,02,333.17
445,World,WLD,Parts Per Million,Atmospheric Carbon Dioxide Concentrations,1977,03,334.96
447,World,WLD,Parts Per Million,Atmospheric Carbon Dioxide Concentrations,1977,04,336.14
449,World,WLD,Parts Per Million,Atmospheric Carbon Dioxide Concentrations,1977,05,336.93
451,World,WLD,Parts Per Million,Atmospheric Carbon Dioxide Concentrations,1977,06,336.17
453,World,WLD,Parts Per Million,Atmospheric Carbon Dioxide Concentrations,1977,07,334.89
455,World,WLD,Parts Per Million,Atmospheric Carbon Dioxide Concentrations,1977,08,332.56
457,World,WLD,Parts Per Million,Atmospheric Carbon Dioxide Concentrations,1977,09,331.29
459,World,WLD,Parts Per Million,Atmospheric Carbon Dioxide Concentrations,1977,10,331.28
461,World,WLD,Parts Per Million,Atmospheric Carbon Dioxide Concentrations,1977,11,332.46
463,World,WLD,Parts Per Million,Atmospheric Carbon Dioxide Concentrations,1977,12,333.6
465,World,WLD,Parts Per Million,Atmospheric Carbon Dioxide Concentrations,1978,01,334.94
467,World,WLD,Parts Per Million,Atmospheric Carbon Dioxide Concentrations,1978,02,335.26
469,World,WLD,Parts Per Million,Atmospheric Carbon Dioxide Concentrations,1978,03,336.66
471,World,WLD,Parts Per Million,Atmospheric Carbon Dioxide Concentrations,1978,04,337.69
473,World,WLD,Parts Per Million,Atmospheric Carbon Dioxide Concentrations,1978,05,338.02
475,World,WLD,Parts Per Million,Atmospheric Carbon Dioxide Concentrations,1978,06,338.01
477,World,WLD,Parts Per Million,Atmospheric Carbon Dioxide Concentrations,1978,07,336.5
479,World,WLD,Parts Per Million,Atmospheric Carbon Dioxide Concentrations,1978,08,334.42
481,World,WLD,Parts Per Million,Atmospheric Carbon Dioxide Concentrations,1978,09,332.36
483,World,WLD,Parts Per Million,Atmospheric Carbon Dioxide Concentrations,1978,10,332.45
485,World,WLD,Parts Per Million,Atmospheric Carbon Dioxide Concentrations,1978,11,333.76
487,World,WLD,Parts Per Million,Atmospheric Carbon Dioxide Concentrations,1978,12,334.91
489,World,WLD,Parts Per Million,Atmospheric Carbon Dioxide Concentrations,1979,01,336.14
491,World,WLD,Parts Per Million,Atmospheric Carbon Dioxide Concentrations,1979,02,336.69
493,World,WLD,Parts Per Million,Atmospheric Carbon Dioxide Concentrations,1979,03,338.27
495,World,WLD,Parts Per Million,Atmospheric Carbon Dioxide Concentrations,1979,04,338.82
497,World,WLD,Parts Per Million,Atmospheric Carbon Dioxide Concentrations,1979,05,339.24
499,World,WLD,Parts Per Million,Atmospheric Carbon Dioxide Concentrations,1979,06,339.26
501,World,WLD,Parts Per Million,Atmospheric Carbon Dioxide Concentrations,1979,07,337.54
503,World,WLD,Parts Per Million,Atmospheric Carbon Dioxide Concentrations,1979,08,335.72
505,World,WLD,Parts Per Million,Atmospheric Carbon Dioxide Concentrations,1979,09,333.97
507,World,WLD,Parts Per Million,Atmospheric Carbon Dioxide Concentrations,1979,10,334.24
509,World,WLD,Parts Per Million,Atmospheric Carbon Dioxide Concentrations,1979,11,335.32
511,World,WLD,Parts Per Million,Atmospheric Carbon Dioxide Concentrations,1979,12,336.81
513,World,WLD,Parts Per Million,Atmospheric Carbon Dioxide Concentrations,1980,01,337.9
515,World,WLD,Parts Per Million,Atmospheric Carbon Dioxide Concentrations,1980,02,338.34
517,World,WLD,Parts Per Million,Atmospheric Carbon Dioxide Concentrations,1980,03,340.07
519,World,WLD,Parts Per Million,Atmospheric Carbon Dioxide Concentrations,1980,04,340.93
521,World,WLD,Parts Per Million,Atmospheric Carbon Dioxide Concentrations,1980,05,341.45
523,World,WLD,Parts Per Million,Atmospheric Carbon Dioxide Concentrations,1980,06,341.36
525,World,WLD,Parts Per Million,Atmospheric Carbon Dioxide Concentrations,1980,07,339.45
527,World,WLD,Parts Per Million,Atmospheric Carbon Dioxide Concentrations,1980,08,337.67
529,World,WLD,Parts Per Million,Atmospheric Carbon Dioxide Concentrations,1980,09,336.25
531,World,WLD,Parts Per Million,Atmospheric Carbon Dioxide Concentrations,1980,10,336.14
533,World,WLD,Parts Per Million,Atmospheric Carbon Dioxide Concentrations,1980,11,337.3
535,World,WLD,Parts Per Million,Atmospheric Carbon Dioxide Concentrations,1980,12,338.29
537,World,WLD,Parts Per Million,Atmospheric Carbon Dioxide Concentrations,1981,01,339.29
539,World,WLD,Parts Per Million,Atmospheric Carbon Dioxide Concentrations,1981,02,340.55
541,World,WLD,Parts Per Million,Atmospheric Carbon Dioxide Concentrations,1981,03,341.63
543,World,WLD,Parts Per Million,Atmospheric Carbon Dioxide Concentrations,1981,04,342.6
545,World,WLD,Parts Per Million,Atmospheric Carbon Dioxide Concentrations,1981,05,343.04
547,World,WLD,Parts Per Million,Atmospheric Carbon Dioxide Concentrations,1981,06,342.54
549,World,WLD,Parts Per Million,Atmospheric Carbon Dioxide Concentrations,1981,07,340.82
551,World,WLD,Parts Per Million,Atmospheric Carbon Dioxide Concentrations,1981,08,338.48
553,World,WLD,Parts Per Million,Atmospheric Carbon Dioxide Concentrations,1981,09,336.95
555,World,WLD,Parts Per Million,Atmospheric Carbon Dioxide Concentrations,1981,10,337.05
557,World,WLD,Parts Per Million,Atmospheric Carbon Dioxide Concentrations,1981,11,338.58
559,World,WLD,Parts Per Million,Atmospheric Carbon Dioxide Concentrations,1981,12,339.91
561,World,WLD,Parts Per Million,Atmospheric Carbon Dioxide Concentrations,1982,01,340.93
563,World,WLD,Parts Per Million,Atmospheric Carbon Dioxide Concentrations,1982,02,341.76
565,World,WLD,Parts Per Million,Atmospheric Carbon Dioxide Concentrations,1982,03,342.77
567,World,WLD,Parts Per Million,Atmospheric Carbon Dioxide Concentrations,1982,04,343.96
569,World,WLD,Parts Per Million,Atmospheric Carbon Dioxide Concentrations,1982,05,344.77
571,World,WLD,Parts Per Million,Atmospheric Carbon Dioxide Concentrations,1982,06,343.88
573,World,WLD,Parts Per Million,Atmospheric Carbon Dioxide Concentrations,1982,07,342.42
575,World,WLD,Parts Per Million,Atmospheric Carbon Dioxide Concentrations,1982,08,340.24
577,World,WLD,Parts Per Million,Atmospheric Carbon Dioxide Concentrations,1982,09,338.38
579,World,WLD,Parts Per Million,Atmospheric Carbon Dioxide Concentrations,1982,10,338.41
581,World,WLD,Parts Per Million,Atmospheric Carbon Dioxide Concentrations,1982,11,339.44
583,World,WLD,Parts Per Million,Atmospheric Carbon Dioxide Concentrations,1982,12,340.78
585,World,WLD,Parts Per Million,Atmospheric Carbon Dioxide Concentrations,1983,01,341.57
587,World,WLD,Parts Per Million,Atmospheric Carbon Dioxide Concentrations,1983,02,342.78
589,World,WLD,Parts Per Million,Atmospheric Carbon Dioxide Concentrations,1983,03,343.37
591,World,WLD,Parts Per Million,Atmospheric Carbon Dioxide Concentrations,1983,04,345.4
593,World,WLD,Parts Per Million,Atmospheric Carbon Dioxide Concentrations,1983,05,346.14
595,World,WLD,Parts Per Million,Atmospheric Carbon Dioxide Concentrations,1983,06,345.76
597,World,WLD,Parts Per Million,Atmospheric Carbon Dioxide Concentrations,1983,07,344.32
599,World,WLD,Parts Per Million,Atmospheric Carbon Dioxide Concentrations,1983,08,342.51
601,World,WLD,Parts Per Million,Atmospheric Carbon Dioxide Concentrations,1983,09,340.46
603,World,WLD,Parts Per Million,Atmospheric Carbon Dioxide Concentrations,1983,10,340.53
605,World,WLD,Parts Per Million,Atmospheric Carbon Dioxide Concentrations,1983,11,341.79
607,World,WLD,Parts Per Million,Atmospheric Carbon Dioxide Concentrations,1983,12,343.2
609,World,WLD,Parts Per Million,Atmospheric Carbon Dioxide Concentrations,1984,01,344.21
611,World,WLD,Parts Per Million,Atmospheric Carbon Dioxide Concentrations,1984,02,344.92
613,World,WLD,Parts Per Million,Atmospheric Carbon Dioxide Concentrations,1984,03,345.68
615,World,WLD,Parts Per Million,Atmospheric Carbon Dioxide Concentrations,1984,04,347.37
617,World,WLD,Parts Per Million,Atmospheric Carbon Dioxide Concentrations,1984,05,347.78
619,World,WLD,Parts Per Million,Atmospheric Carbon Dioxide Concentrations,1984,06,347.16
621,World,WLD,Parts Per Million,Atmospheric Carbon Dioxide Concentrations,1984,07,345.79
623,World,WLD,Parts Per Million,Atmospheric Carbon Dioxide Concentrations,1984,08,343.74
625,World,WLD,Parts Per Million,Atmospheric Carbon Dioxide Concentrations,1984,09,341.59
627,World,WLD,Parts Per Million,Atmospheric Carbon Dioxide Concentrations,1984,10,341.86
629,World,WLD,Parts Per Million,Atmospheric Carbon Dioxide Concentrations,1984,11,343.31
631,World,WLD,Parts Per Million,Atmospheric Carbon Dioxide Concentrations,1984,12,345
633,World,WLD,Parts Per Million,Atmospheric Carbon Dioxide Concentrations,1985,01,345.48
635,World,WLD,Parts Per Million,Atmospheric Carbon Dioxide Concentrations,1985,02,346.41
637,World,WLD,Parts Per Million,Atmospheric Carbon Dioxide Concentrations,1985,03,347.91
639,World,WLD,Parts Per Million,Atmospheric Carbon Dioxide Concentrations,1985,04,348.66
641,World,WLD,Parts Per Million,Atmospheric Carbon Dioxide Concentrations,1985,05,349.28
643,World,WLD,Parts Per Million,Atmospheric Carbon Dioxide Concentrations,1985,06,348.65
645,World,WLD,Parts Per Million,Atmospheric Carbon Dioxide Concentrations,1985,07,346.9
647,World,WLD,Parts Per Million,Atmospheric Carbon Dioxide Concentrations,1985,08,345.26
649,World,WLD,Parts Per Million,Atmospheric Carbon Dioxide Concentrations,1985,09,343.47
651,World,WLD,Parts Per Million,Atmospheric Carbon Dioxide Concentrations,1985,10,343.35
653,World,WLD,Parts Per Million,Atmospheric Carbon Dioxide Concentrations,1985,11,344.73
655,World,WLD,Parts Per Million,Atmospheric Carbon Dioxide Concentrations,1985,12,346.12
657,World,WLD,Parts Per Million,Atmospheric Carbon Dioxide Concentrations,1986,01,346.78
659,World,WLD,Parts Per Million,Atmospheric Carbon Dioxide Concentrations,1986,02,347.48
661,World,WLD,Parts Per Million,Atmospheric Carbon Dioxide Concentrations,1986,03,348.25
663,World,WLD,Parts Per Million,Atmospheric Carbon Dioxide Concentrations,1986,04,349.86
665,World,WLD,Parts Per Million,Atmospheric Carbon Dioxide Concentrations,1986,05,350.52
667,World,WLD,Parts Per Million,Atmospheric Carbon Dioxide Concentrations,1986,06,349.98
669,World,WLD,Parts Per Million,Atmospheric Carbon Dioxide Concentrations,1986,07,348.25
671,World,WLD,Parts Per Million,Atmospheric Carbon Dioxide Concentrations,1986,08,346.17
673,World,WLD,Parts Per Million,Atmospheric Carbon Dioxide Concentrations,1986,09,345.48
675,World,WLD,Parts Per Million,Atmospheric Carbon Dioxide Concentrations,1986,10,344.82
677,World,WLD,Parts Per Million,Atmospheric Carbon Dioxide Concentrations,1986,11,346.22
679,World,WLD,Parts Per Million,Atmospheric Carbon Dioxide Concentrations,1986,12,347.49
681,World,WLD,Parts Per Million,Atmospheric Carbon Dioxide Concentrations,1987,01,348.73
683,World,WLD,Parts Per Million,Atmospheric Carbon Dioxide Concentrations,1987,02,348.92
685,World,WLD,Parts Per Million,Atmospheric Carbon Dioxide Concentrations,1987,03,349.81
687,World,WLD,Parts Per Million,Atmospheric Carbon Dioxide Concentrations,1987,04,351.4
689,World,WLD,Parts Per Million,Atmospheric Carbon Dioxide Concentrations,1987,05,352.15
691,World,WLD,Parts Per Million,Atmospheric Carbon Dioxide Concentrations,1987,06,351.58
693,World,WLD,Parts Per Million,Atmospheric Carbon Dioxide Concentrations,1987,07,350.21
695,World,WLD,Parts Per Million,Atmospheric Carbon Dioxide Concentrations,1987,08,348.2
697,World,WLD,Parts Per Million,Atmospheric Carbon Dioxide Concentrations,1987,09,346.66
699,World,WLD,Parts Per Million,Atmospheric Carbon Dioxide Concentrations,1987,10,346.72
701,World,WLD,Parts Per Million,Atmospheric Carbon Dioxide Concentrations,1987,11,348.08
703,World,WLD,Parts Per Million,Atmospheric Carbon Dioxide Concentrations,1987,12,349.28
705,World,WLD,Parts Per Million,Atmospheric Carbon Dioxide Concentrations,1988,01,350.51
707,World,WLD,Parts Per Million,Atmospheric Carbon Dioxide Concentrations,1988,02,351.7
709,World,WLD,Parts Per Million,Atmospheric Carbon Dioxide Concentrations,1988,03,352.5
711,World,WLD,Parts Per Million,Atmospheric Carbon Dioxide Concentrations,1988,04,353.67
713,World,WLD,Parts Per Million,Atmospheric Carbon Dioxide Concentrations,1988,05,354.35
715,World,WLD,Parts Per Million,Atmospheric Carbon Dioxide Concentrations,1988,06,353.88
717,World,WLD,Parts Per Million,Atmospheric Carbon Dioxide Concentrations,1988,07,352.8
719,World,WLD,Parts Per Million,Atmospheric Carbon Dioxide Concentrations,1988,08,350.49
721,World,WLD,Parts Per Million,Atmospheric Carbon Dioxide Concentrations,1988,09,348.97
723,World,WLD,Parts Per Million,Atmospheric Carbon Dioxide Concentrations,1988,10,349.37
725,World,WLD,Parts Per Million,Atmospheric Carbon Dioxide Concentrations,1988,11,350.42
727,World,WLD,Parts Per Million,Atmospheric Carbon Dioxide Concentrations,1988,12,351.62
729,World,WLD,Parts Per Million,Atmospheric Carbon Dioxide Concentrations,1989,01,353.07
731,World,WLD,Parts Per Million,Atmospheric Carbon Dioxide Concentrations,1989,02,353.43
733,World,WLD,Parts Per Million,Atmospheric Carbon Dioxide Concentrations,1989,03,354.08
735,World,WLD,Parts Per Million,Atmospheric Carbon Dioxide Concentrations,1989,04,355.72
737,World,WLD,Parts Per Million,Atmospheric Carbon Dioxide Concentrations,1989,05,355.95
739,World,WLD,Parts Per Million,Atmospheric Carbon Dioxide Concentrations,1989,06,355.44
741,World,WLD,Parts Per Million,Atmospheric Carbon Dioxide Concentrations,1989,07,354.05
743,World,WLD,Parts Per Million,Atmospheric Carbon Dioxide Concentrations,1989,08,351.84
745,World,WLD,Parts Per Million,Atmospheric Carbon Dioxide Concentrations,1989,09,350.09
747,World,WLD,Parts Per Million,Atmospheric Carbon Dioxide Concentrations,1989,10,350.33
749,World,WLD,Parts Per Million,Atmospheric Carbon Dioxide Concentrations,1989,11,351.55
751,World,WLD,Parts Per Million,Atmospheric Carbon Dioxide Concentrations,1989,12,352.91
753,World,WLD,Parts Per Million,Atmospheric Carbon Dioxide Concentrations,1990,01,353.86
755,World,WLD,Parts Per Million,Atmospheric Carbon Dioxide Concentrations,1990,02,355.1
757,World,WLD,Parts Per Million,Atmospheric Carbon Dioxide Concentrations,1990,03,355.75
759,World,WLD,Parts Per Million,Atmospheric Carbon Dioxide Concentrations,1990,04,356.38
761,World,WLD,Parts Per Million,Atmospheric Carbon Dioxide Concentrations,1990,05,357.38
763,World,WLD,Parts Per Million,Atmospheric Carbon Dioxide Concentrations,1990,06,356.39
765,World,WLD,Parts Per Million,Atmospheric Carbon Dioxide Concentrations,1990,07,354.89
767,World,WLD,Parts Per Million,Atmospheric Carbon Dioxide Concentrations,1990,08,353.06
769,World,WLD,Parts Per Million,Atmospheric Carbon Dioxide Concentrations,1990,09,351.38
771,World,WLD,Parts Per Million,Atmospheric Carbon Dioxide Concentrations,1990,10,351.69
773,World,WLD,Parts Per Million,Atmospheric Carbon Dioxide Concentrations,1990,11,353.14
775,World,WLD,Parts Per Million,Atmospheric Carbon Dioxide Concentrations,1990,12,354.41
777,World,WLD,Parts Per Million,Atmospheric Carbon Dioxide Concentrations,1991,01,354.93
779,World,WLD,Parts Per Million,Atmospheric Carbon Dioxide Concentrations,1991,02,355.82
781,World,WLD,Parts Per Million,Atmospheric Carbon Dioxide Concentrations,1991,03,357.33
783,World,WLD,Parts Per Million,Atmospheric Carbon Dioxide Concentrations,1991,04,358.77
785,World,WLD,Parts Per Million,Atmospheric Carbon Dioxide Concentrations,1991,05,359.23
787,World,WLD,Parts Per Million,Atmospheric Carbon Dioxide Concentrations,1991,06,358.23
789,World,WLD,Parts Per Million,Atmospheric Carbon Dioxide Concentrations,1991,07,356.3
791,World,WLD,Parts Per Million,Atmospheric Carbon Dioxide Concentrations,1991,08,353.97
793,World,WLD,Parts Per Million,Atmospheric Carbon Dioxide Concentrations,1991,09,352.34
795,World,WLD,Parts Per Million,Atmospheric Carbon Dioxide Concentrations,1991,10,352.43
797,World,WLD,Parts Per Million,Atmospheric Carbon Dioxide Concentrations,1991,11,353.89
799,World,WLD,Parts Per Million,Atmospheric Carbon Dioxide Concentrations,1991,12,355.21
801,World,WLD,Parts Per Million,Atmospheric Carbon Dioxide Concentrations,1992,01,356.34
803,World,WLD,Parts Per Million,Atmospheric Carbon Dioxide Concentrations,1992,02,357.21
805,World,WLD,Parts Per Million,Atmospheric Carbon Dioxide Concentrations,1992,03,357.97
807,World,WLD,Parts Per Million,Atmospheric Carbon Dioxide Concentrations,1992,04,359.22
809,World,WLD,Parts Per Million,Atmospheric Carbon Dioxide Concentrations,1992,05,359.71
811,World,WLD,Parts Per Million,Atmospheric Carbon Dioxide Concentrations,1992,06,359.44
813,World,WLD,Parts Per Million,Atmospheric Carbon Dioxide Concentrations,1992,07,357.15
815,World,WLD,Parts Per Million,Atmospheric Carbon Dioxide Concentrations,1992,08,354.99
817,World,WLD,Parts Per Million,Atmospheric Carbon Dioxide Concentrations,1992,09,353.01
819,World,WLD,Parts Per Million,Atmospheric Carbon Dioxide Concentrations,1992,10,353.41
821,World,WLD,Parts Per Million,Atmospheric Carbon Dioxide Concentrations,1992,11,354.42
823,World,WLD,Parts Per Million,Atmospheric Carbon Dioxide Concentrations,1992,12,355.68
825,World,WLD,Parts Per Million,Atmospheric Carbon Dioxide Concentrations,1993,01,357.1
827,World,WLD,Parts Per Million,Atmospheric Carbon Dioxide Concentrations,1993,02,357.42
829,World,WLD,Parts Per Million,Atmospheric Carbon Dioxide Concentrations,1993,03,358.59
831,World,WLD,Parts Per Million,Atmospheric Carbon Dioxide Concentrations,1993,04,359.39
833,World,WLD,Parts Per Million,Atmospheric Carbon Dioxide Concentrations,1993,05,360.3
835,World,WLD,Parts Per Million,Atmospheric Carbon Dioxide Concentrations,1993,06,359.64
837,World,WLD,Parts Per Million,Atmospheric Carbon Dioxide Concentrations,1993,07,357.45
839,World,WLD,Parts Per Million,Atmospheric Carbon Dioxide Concentrations,1993,08,355.76
841,World,WLD,Parts Per Million,Atmospheric Carbon Dioxide Concentrations,1993,09,354.14
843,World,WLD,Parts Per Million,Atmospheric Carbon Dioxide Concentrations,1993,10,354.23
845,World,WLD,Parts Per Million,Atmospheric Carbon Dioxide Concentrations,1993,11,355.53
847,World,WLD,Parts Per Million,Atmospheric Carbon Dioxide Concentrations,1993,12,357.03
849,World,WLD,Parts Per Million,Atmospheric Carbon Dioxide Concentrations,1994,01,358.36
851,World,WLD,Parts Per Million,Atmospheric Carbon Dioxide Concentrations,1994,02,359.04
853,World,WLD,Parts Per Million,Atmospheric Carbon Dioxide Concentrations,1994,03,360.11
855,World,WLD,Parts Per Million,Atmospheric Carbon Dioxide Concentrations,1994,04,361.36
857,World,WLD,Parts Per Million,Atmospheric Carbon Dioxide Concentrations,1994,05,361.78
859,World,WLD,Parts Per Million,Atmospheric Carbon Dioxide Concentrations,1994,06,360.94
861,World,WLD,Parts Per Million,Atmospheric Carbon Dioxide Concentrations,1994,07,359.51
863,World,WLD,Parts Per Million,Atmospheric Carbon Dioxide Concentrations,1994,08,357.59
865,World,WLD,Parts Per Million,Atmospheric Carbon Dioxide Concentrations,1994,09,355.86
867,World,WLD,Parts Per Million,Atmospheric Carbon Dioxide Concentrations,1994,10,356.21
869,World,WLD,Parts Per Million,Atmospheric Carbon Dioxide Concentrations,1994,11,357.65
871,World,WLD,Parts Per Million,Atmospheric Carbon Dioxide Concentrations,1994,12,359.1
873,World,WLD,Parts Per Million,Atmospheric Carbon Dioxide Concentrations,1995,01,360.04
875,World,WLD,Parts Per Million,Atmospheric Carbon Dioxide Concentrations,1995,02,361
877,World,WLD,Parts Per Million,Atmospheric Carbon Dioxide Concentrations,1995,03,361.98
879,World,WLD,Parts Per Million,Atmospheric Carbon Dioxide Concentrations,1995,04,363.44
881,World,WLD,Parts Per Million,Atmospheric Carbon Dioxide Concentrations,1995,05,363.83
883,World,WLD,Parts Per Million,Atmospheric Carbon Dioxide Concentrations,1995,06,363.33
885,World,WLD,Parts Per Million,Atmospheric Carbon Dioxide Concentrations,1995,07,361.78
887,World,WLD,Parts Per Million,Atmospheric Carbon Dioxide Concentrations,1995,08,359.33
889,World,WLD,Parts Per Million,Atmospheric Carbon Dioxide Concentrations,1995,09,358.32
891,World,WLD,Parts Per Million,Atmospheric Carbon Dioxide Concentrations,1995,10,358.14
893,World,WLD,Parts Per Million,Atmospheric Carbon Dioxide Concentrations,1995,11,359.61
895,World,WLD,Parts Per Million,Atmospheric Carbon Dioxide Concentrations,1995,12,360.82
897,World,WLD,Parts Per Million,Atmospheric Carbon Dioxide Concentrations,1996,01,362.2
899,World,WLD,Parts Per Million,Atmospheric Carbon Dioxide Concentrations,1996,02,363.36
901,World,WLD,Parts Per Million,Atmospheric Carbon Dioxide Concentrations,1996,03,364.28
903,World,WLD,Parts Per Million,Atmospheric Carbon Dioxide Concentrations,1996,04,364.69
905,World,WLD,Parts Per Million,Atmospheric Carbon Dioxide Concentrations,1996,05,365.25
907,World,WLD,Parts Per Million,Atmospheric Carbon Dioxide Concentrations,1996,06,365.06
909,World,WLD,Parts Per Million,Atmospheric Carbon Dioxide Concentrations,1996,07,363.69
911,World,WLD,Parts Per Million,Atmospheric Carbon Dioxide Concentrations,1996,08,361.55
913,World,WLD,Parts Per Million,Atmospheric Carbon Dioxide Concentrations,1996,09,359.69
915,World,WLD,Parts Per Million,Atmospheric Carbon Dioxide Concentrations,1996,10,359.72
917,World,WLD,Parts Per Million,Atmospheric Carbon Dioxide Concentrations,1996,11,361.04
919,World,WLD,Parts Per Million,Atmospheric Carbon Dioxide Concentrations,1996,12,362.39
921,World,WLD,Parts Per Million,Atmospheric Carbon Dioxide Concentrations,1997,01,363.24
923,World,WLD,Parts Per Million,Atmospheric Carbon Dioxide Concentrations,1997,02,364.21
925,World,WLD,Parts Per Million,Atmospheric Carbon Dioxide Concentrations,1997,03,364.65
927,World,WLD,Parts Per Million,Atmospheric Carbon Dioxide Concentrations,1997,04,366.49
929,World,WLD,Parts Per Million,Atmospheric Carbon Dioxide Concentrations,1997,05,366.77
931,World,WLD,Parts Per Million,Atmospheric Carbon Dioxide Concentrations,1997,06,365.73
933,World,WLD,Parts Per Million,Atmospheric Carbon Dioxide Concentrations,1997,07,364.46
935,World,WLD,Parts Per Million,Atmospheric Carbon Dioxide Concentrations,1997,08,362.4
937,World,WLD,Parts Per Million,Atmospheric Carbon Dioxide Concentrations,1997,09,360.44
939,World,WLD,Parts Per Million,Atmospheric Carbon Dioxide Concentrations,1997,10,360.98
941,World,WLD,Parts Per Million,Atmospheric Carbon Dioxide Concentrations,1997,11,362.65
943,World,WLD,Parts Per Million,Atmospheric Carbon Dioxide Concentrations,1997,12,364.51
945,World,WLD,Parts Per Million,Atmospheric Carbon Dioxide Concentrations,1998,01,365.39
947,World,WLD,Parts Per Million,Atmospheric Carbon Dioxide Concentrations,1998,02,366.1
949,World,WLD,Parts Per Million,Atmospheric Carbon Dioxide Concentrations,1998,03,367.36
951,World,WLD,Parts Per Million,Atmospheric Carbon Dioxide Concentrations,1998,04,368.79
953,World,WLD,Parts Per Million,Atmospheric Carbon Dioxide Concentrations,1998,05,369.56
955,World,WLD,Parts Per Million,Atmospheric Carbon Dioxide Concentrations,1998,06,369.13
957,World,WLD,Parts Per Million,Atmospheric Carbon Dioxide Concentrations,1998,07,367.98
959,World,WLD,Parts Per Million,Atmospheric Carbon Dioxide Concentrations,1998,08,366.1
961,World,WLD,Parts Per Million,Atmospheric Carbon Dioxide Concentrations,1998,09,364.16
963,World,WLD,Parts Per Million,Atmospheric Carbon Dioxide Concentrations,1998,10,364.54
965,World,WLD,Parts Per Million,Atmospheric Carbon Dioxide Concentrations,1998,11,365.67
967,World,WLD,Parts Per Million,Atmospheric Carbon Dioxide Concentrations,1998,12,367.3
969,World,WLD,Parts Per Million,Atmospheric Carbon Dioxide Concentrations,1999,01,368.35
971,World,WLD,Parts Per Million,Atmospheric Carbon Dioxide Concentrations,1999,02,369.28
973,World,WLD,Parts Per Million,Atmospheric Carbon Dioxide Concentrations,1999,03,369.84
975,World,WLD,Parts Per Million,Atmospheric Carbon Dioxide Concentrations,1999,04,371.15
977,World,WLD,Parts Per Million,Atmospheric Carbon Dioxide Concentrations,1999,05,371.12
979,World,WLD,Parts Per Million,Atmospheric Carbon Dioxide Concentrations,1999,06,370.46
981,World,WLD,Parts Per Million,Atmospheric Carbon Dioxide Concentrations,1999,07,369.61
983,World,WLD,Parts Per Million,Atmospheric Carbon Dioxide Concentrations,1999,08,367.06
985,World,WLD,Parts Per Million,Atmospheric Carbon Dioxide Concentrations,1999,09,364.95
987,World,WLD,Parts Per Million,Atmospheric Carbon Dioxide Concentrations,1999,10,365.52
989,World,WLD,Parts Per Million,Atmospheric Carbon Dioxide Concentrations,1999,11,366.88
991,World,WLD,Parts Per Million,Atmospheric Carbon Dioxide Concentrations,1999,12,368.26
993,World,WLD,Parts Per Million,Atmospheric Carbon Dioxide Concentrations,2000,01,369.45
995,World,WLD,Parts Per Million,Atmospheric Carbon Dioxide Concentrations,2000,02,369.71
997,World,WLD,Parts Per Million,Atmospheric Carbon Dioxide Concentrations,2000,03,370.75
999,World,WLD,Parts Per Million,Atmospheric Carbon Dioxide Concentrations,2000,04,371.98
1001,World,WLD,Parts Per Million,Atmospheric Carbon Dioxide Concentrations,2000,05,371.75
1003,World,WLD,Parts Per Million,Atmospheric Carbon Dioxide Concentrations,2000,06,371.87
1005,World,WLD,Parts Per Million,Atmospheric Carbon Dioxide Concentrations,2000,07,370.02
1007,World,WLD,Parts Per Million,Atmospheric Carbon Dioxide Concentrations,2000,08,368.27
1009,World,WLD,Parts Per Million,Atmospheric Carbon Dioxide Concentrations,2000,09,367.15
1011,World,WLD,Parts Per Million,Atmospheric Carbon Dioxide Concentrations,2000,10,367.18
1013,World,WLD,Parts Per Million,Atmospheric Carbon Dioxide Concentrations,2000,11,368.53
1015,World,WLD,Parts Per Million,Atmospheric Carbon Dioxide Concentrations,2000,12,369.83
1017,World,WLD,Parts Per Million,Atmospheric Carbon Dioxide Concentrations,2001,01,370.76
1019,World,WLD,Parts Per Million,Atmospheric Carbon Dioxide Concentrations,2001,02,371.69
1021,World,WLD,Parts Per Million,Atmospheric Carbon Dioxide Concentrations,2001,03,372.63
1023,World,WLD,Parts Per Million,Atmospheric Carbon Dioxide Concentrations,2001,04,373.55
1025,World,WLD,Parts Per Million,Atmospheric Carbon Dioxide Concentrations,2001,05,374.03
1027,World,WLD,Parts Per Million,Atmospheric Carbon Dioxide Concentrations,2001,06,373.4
1029,World,WLD,Parts Per Million,Atmospheric Carbon Dioxide Concentrations,2001,07,371.68
1031,World,WLD,Parts Per Million,Atmospheric Carbon Dioxide Concentrations,2001,08,369.78
1033,World,WLD,Parts Per Million,Atmospheric Carbon Dioxide Concentrations,2001,09,368.34
1035,World,WLD,Parts Per Million,Atmospheric Carbon Dioxide Concentrations,2001,10,368.61
1037,World,WLD,Parts Per Million,Atmospheric Carbon Dioxide Concentrations,2001,11,369.94
1039,World,WLD,Parts Per Million,Atmospheric Carbon Dioxide Concentrations,2001,12,371.42
1041,World,WLD,Parts Per Million,Atmospheric Carbon Dioxide Concentrations,2002,01,372.7
1043,World,WLD,Parts Per Million,Atmospheric Carbon Dioxide Concentrations,2002,02,373.37
1045,World,WLD,Parts Per Million,Atmospheric Carbon Dioxide Concentrations,2002,03,374.3
1047,World,WLD,Parts Per Million,Atmospheric Carbon Dioxide Concentrations,2002,04,375.19
1049,World,WLD,Parts Per Million,Atmospheric Carbon Dioxide Concentrations,2002,05,375.93
1051,World,WLD,Parts Per Million,Atmospheric Carbon Dioxide Concentrations,2002,06,375.69
1053,World,WLD,Parts Per Million,Atmospheric Carbon Dioxide Concentrations,2002,07,374.16
1055,World,WLD,Parts Per Million,Atmospheric Carbon Dioxide Concentrations,2002,08,372.03
1057,World,WLD,Parts Per Million,Atmospheric Carbon Dioxide Concentrations,2002,09,370.92
1059,World,WLD,Parts Per Million,Atmospheric Carbon Dioxide Concentrations,2002,10,370.73
1061,World,WLD,Parts Per Million,Atmospheric Carbon Dioxide Concentrations,2002,11,372.43
1063,World,WLD,Parts Per Million,Atmospheric Carbon Dioxide Concentrations,2002,12,373.98
1065,World,WLD,Parts Per Million,Atmospheric Carbon Dioxide Concentrations,2003,01,375.07
1067,World,WLD,Parts Per Million,Atmospheric Carbon Dioxide Concentrations,2003,02,375.82
1069,World,WLD,Parts Per Million,Atmospheric Carbon Dioxide Concentrations,2003,03,376.64
1071,World,WLD,Parts Per Million,Atmospheric Carbon Dioxide Concentrations,2003,04,377.92
1073,World,WLD,Parts Per Million,Atmospheric Carbon Dioxide Concentrations,2003,05,378.78
1075,World,WLD,Parts Per Million,Atmospheric Carbon Dioxide Concentrations,2003,06,378.46
1077,World,WLD,Parts Per Million,Atmospheric Carbon Dioxide Concentrations,2003,07,376.88
1079,World,WLD,Parts Per Million,Atmospheric Carbon Dioxide Concentrations,2003,08,374.57
1081,World,WLD,Parts Per Million,Atmospheric Carbon Dioxide Concentrations,2003,09,373.34
1083,World,WLD,Parts Per Million,Atmospheric Carbon Dioxide Concentrations,2003,10,373.31
1085,World,WLD,Parts Per Million,Atmospheric Carbon Dioxide Concentrations,2003,11,374.84
1087,World,WLD,Parts Per Million,Atmospheric Carbon Dioxide Concentrations,2003,12,376.17
1089,World,WLD,Parts Per Million,Atmospheric Carbon Dioxide Concentrations,2004,01,377.17
1091,World,WLD,Parts Per Million,Atmospheric Carbon Dioxide Concentrations,2004,02,378.05
1093,World,WLD,Parts Per Million,Atmospheric Carbon Dioxide Concentrations,2004,03,379.06
1095,World,WLD,Parts Per Million,Atmospheric Carbon Dioxide Concentrations,2004,04,380.54
1097,World,WLD,Parts Per Million,Atmospheric Carbon Dioxide Concentrations,2004,05,380.8
1099,World,WLD,Parts Per Million,Atmospheric Carbon Dioxide Concentrations,2004,06,379.87
1101,World,WLD,Parts Per Million,Atmospheric Carbon Dioxide Concentrations,2004,07,377.65
1103,World,WLD,Parts Per Million,Atmospheric Carbon Dioxide Concentrations,2004,08,376.17
1105,World,WLD,Parts Per Million,Atmospheric Carbon Dioxide Concentrations,2004,09,374.43
1107,World,WLD,Parts Per Million,Atmospheric Carbon Dioxide Concentrations,2004,10,374.63
1109,World,WLD,Parts Per Million,Atmospheric Carbon Dioxide Concentrations,2004,11,376.33
1111,World,WLD,Parts Per Million,Atmospheric Carbon Dioxide Concentrations,2004,12,377.68
1113,World,WLD,Parts Per Million,Atmospheric Carbon Dioxide Concentrations,2005,01,378.63
1115,World,WLD,Parts Per Million,Atmospheric Carbon Dioxide Concentrations,2005,02,379.91
1117,World,WLD,Parts Per Million,Atmospheric Carbon Dioxide Concentrations,2005,03,380.95
1119,World,WLD,Parts Per Million,Atmospheric Carbon Dioxide Concentrations,2005,04,382.48
1121,World,WLD,Parts Per Million,Atmospheric Carbon Dioxide Concentrations,2005,05,382.64
1123,World,WLD,Parts Per Million,Atmospheric Carbon Dioxide Concentrations,2005,06,382.4
1125,World,WLD,Parts Per Million,Atmospheric Carbon Dioxide Concentrations,2005,07,380.93
1127,World,WLD,Parts Per Million,Atmospheric Carbon Dioxide Concentrations,2005,08,378.93
1129,World,WLD,Parts Per Million,Atmospheric Carbon Dioxide Concentrations,2005,09,376.89
1131,World,WLD,Parts Per Million,Atmospheric Carbon Dioxide Concentrations,2005,10,377.19
1133,World,WLD,Parts Per Million,Atmospheric Carbon Dioxide Concentrations,2005,11,378.54
1135,World,WLD,Parts Per Million,Atmospheric Carbon Dioxide Concentrations,2005,12,380.31
1137,World,WLD,Parts Per Million,Atmospheric Carbon Dioxide Concentrations,2006,01,381.58
1139,World,WLD,Parts Per Million,Atmospheric Carbon Dioxide Concentrations,2006,02,382.4
1141,World,WLD,Parts Per Million,Atmospheric Carbon Dioxide Concentrations,2006,03,382.86
1143,World,WLD,Parts Per Million,Atmospheric Carbon Dioxide Concentrations,2006,04,384.8
1145,World,WLD,Parts Per Million,Atmospheric Carbon Dioxide Concentrations,2006,05,385.22
1147,World,WLD,Parts Per Million,Atmospheric Carbon Dioxide Concentrations,2006,06,384.24
1149,World,WLD,Parts Per Million,Atmospheric Carbon Dioxide Concentrations,2006,07,382.65
1151,World,WLD,Parts Per Million,Atmospheric Carbon Dioxide Concentrations,2006,08,380.6
1153,World,WLD,Parts Per Million,Atmospheric Carbon Dioxide Concentrations,2006,09,379.04
1155,World,WLD,Parts Per Million,Atmospheric Carbon Dioxide Concentrations,2006,10,379.33
1157,World,WLD,Parts Per Million,Atmospheric Carbon Dioxide Concentrations,2006,11,380.35
1159,World,WLD,Parts Per Million,Atmospheric Carbon Dioxide Concentrations,2006,12,382.02
1161,World,WLD,Parts Per Million,Atmospheric Carbon Dioxide Concentrations,2007,01,383.1
1163,World,WLD,Parts Per Million,Atmospheric Carbon Dioxide Concentrations,2007,02,384.12
1165,World,WLD,Parts Per Million,Atmospheric Carbon Dioxide Concentrations,2007,03,384.81
1167,World,WLD,Parts Per Million,Atmospheric Carbon Dioxide Concentrations,2007,04,386.73
1169,World,WLD,Parts Per Million,Atmospheric Carbon Dioxide Concentrations,2007,05,386.78
1171,World,WLD,Parts Per Million,Atmospheric Carbon Dioxide Concentrations,2007,06,386.33
1173,World,WLD,Parts Per Million,Atmospheric Carbon Dioxide Concentrations,2007,07,384.73
1175,World,WLD,Parts Per Million,Atmospheric Carbon Dioxide Concentrations,2007,08,382.24
1177,World,WLD,Parts Per Million,Atmospheric Carbon Dioxide Concentrations,2007,09,381.2
1179,World,WLD,Parts Per Million,Atmospheric Carbon Dioxide Concentrations,2007,10,381.37
1181,World,WLD,Parts Per Million,Atmospheric Carbon Dioxide Concentrations,2007,11,382.7
1183,World,WLD,Parts Per Million,Atmospheric Carbon Dioxide Concentrations,2007,12,384.19
1185,World,WLD,Parts Per Million,Atmospheric Carbon Dioxide Concentrations,2008,01,385.78
1187,World,WLD,Parts Per Million,Atmospheric Carbon Dioxide Concentrations,2008,02,386.06
1189,World,WLD,Parts Per Million,Atmospheric Carbon Dioxide Concentrations,2008,03,386.28
1191,World,WLD,Parts Per Million,Atmospheric Carbon Dioxide Concentrations,2008,04,387.33
1193,World,WLD,Parts Per Million,Atmospheric Carbon Dioxide Concentrations,2008,05,388.78
1195,World,WLD,Parts Per Million,Atmospheric Carbon Dioxide Concentrations,2008,06,387.99
1197,World,WLD,Parts Per Million,Atmospheric Carbon Dioxide Concentrations,2008,07,386.61
1199,World,WLD,Parts Per Million,Atmospheric Carbon Dioxide Concentrations,2008,08,384.32
1201,World,WLD,Parts Per Million,Atmospheric Carbon Dioxide Concentrations,2008,09,383.41
1203,World,WLD,Parts Per Million,Atmospheric Carbon Dioxide Concentrations,2008,10,383.21
1205,World,WLD,Parts Per Million,Atmospheric Carbon Dioxide Concentrations,2008,11,384.41
1207,World,WLD,Parts Per Million,Atmospheric Carbon Dioxide Concentrations,2008,12,385.79
1209,World,WLD,Parts Per Million,Atmospheric Carbon Dioxide Concentrations,2009,01,387.17
1211,World,WLD,Parts Per Million,Atmospheric Carbon Dioxide Concentrations,2009,02,387.7
1213,World,WLD,Parts Per Million,Atmospheric Carbon Dioxide Concentrations,2009,03,389.04
1215,World,WLD,Parts Per Million,Atmospheric Carbon Dioxide Concentrations,2009,04,389.76
1217,World,WLD,Parts Per Million,Atmospheric Carbon Dioxide Concentrations,2009,05,390.36
1219,World,WLD,Parts Per Million,Atmospheric Carbon Dioxide Concentrations,2009,06,389.7
1221,World,WLD,Parts Per Million,Atmospheric Carbon Dioxide Concentrations,2009,07,388.24
1223,World,WLD,Parts Per Million,Atmospheric Carbon Dioxide Concentrations,2009,08,386.29
1225,World,WLD,Parts Per Million,Atmospheric Carbon Dioxide Concentrations,2009,09,384.95
1227,World,WLD,Parts Per Million,Atmospheric Carbon Dioxide Concentrations,2009,10,384.64
1229,World,WLD,Parts Per Million,Atmospheric Carbon Dioxide Concentrations,2009,11,386.23
1231,World,WLD,Parts Per Million,Atmospheric Carbon Dioxide Concentrations,2009,12,387.63
1233,World,WLD,Parts Per Million,Atmospheric Carbon Dioxide Concentrations,2010,01,388.91
1235,World,WLD,Parts Per Million,Atmospheric Carbon Dioxide Concentrations,2010,02,390.41
1237,World,WLD,Parts Per Million,Atmospheric Carbon Dioxide Concentrations,2010,03,391.37
1239,World,WLD,Parts Per Million,Atmospheric Carbon Dioxide Concentrations,2010,04,392.67
1241,World,WLD,Parts Per Million,Atmospheric Carbon Dioxide Concentrations,2010,05,393.21
1243,World,WLD,Parts Per Million,Atmospheric Carbon Dioxide Concentrations,2010,06,392.38
1245,World,WLD,Parts Per Million,Atmospheric Carbon Dioxide Concentrations,2010,07,390.41
1247,World,WLD,Parts Per Million,Atmospheric Carbon Dioxide Concentrations,2010,08,388.54
1249,World,WLD,Parts Per Million,Atmospheric Carbon Dioxide Concentrations,2010,09,387.03
1251,World,WLD,Parts Per Million,Atmospheric Carbon Dioxide Concentrations,2010,10,387.43
1253,World,WLD,Parts Per Million,Atmospheric Carbon Dioxide Concentrations,2010,11,388.87
1255,World,WLD,Parts Per Million,Atmospheric Carbon Dioxide Concentrations,2010,12,389.99
1257,World,WLD,Parts Per Million,Atmospheric Carbon Dioxide Concentrations,2011,01,391.5
1259,World,WLD,Parts Per Million,Atmospheric Carbon Dioxide Concentrations,2011,02,392.05
1261,World,WLD,Parts Per Million,Atmospheric Carbon Dioxide Concentrations,2011,03,392.8
1263,World,WLD,Parts Per Million,Atmospheric Carbon Dioxide Concentrations,2011,04,393.44
1265,World,WLD,Parts Per Million,Atmospheric Carbon Dioxide Concentrations,2011,05,394.41
1267,World,WLD,Parts Per Million,Atmospheric Carbon Dioxide Concentrations,2011,06,393.95
1269,World,WLD,Parts Per Million,Atmospheric Carbon Dioxide Concentrations,2011,07,392.72
1271,World,WLD,Parts Per Million,Atmospheric Carbon Dioxide Concentrations,2011,08,390.33
1273,World,WLD,Parts Per Million,Atmospheric Carbon Dioxide Concentrations,2011,09,389.28
1275,World,WLD,Parts Per Million,Atmospheric Carbon Dioxide Concentrations,2011,10,389.19
1277,World,WLD,Parts Per Million,Atmospheric Carbon Dioxide Concentrations,2011,11,390.48
1279,World,WLD,Parts Per Million,Atmospheric Carbon Dioxide Concentrations,2011,12,392.06
1281,World,WLD,Parts Per Million,Atmospheric Carbon Dioxide Concentrations,2012,01,393.31
1283,World,WLD,Parts Per Million,Atmospheric Carbon Dioxide Concentrations,2012,02,394.04
1285,World,WLD,Parts Per Million,Atmospheric Carbon Dioxide Concentrations,2012,03,394.59
1287,World,WLD,Parts Per Million,Atmospheric Carbon Dioxide Concentrations,2012,04,396.38
1289,World,WLD,Parts Per Million,Atmospheric Carbon Dioxide Concentrations,2012,05,396.93
1291,World,WLD,Parts Per Million,Atmospheric Carbon Dioxide Concentrations,2012,06,395.91
1293,World,WLD,Parts Per Million,Atmospheric Carbon Dioxide Concentrations,2012,07,394.56
1295,World,WLD,Parts Per Million,Atmospheric Carbon Dioxide Concentrations,2012,08,392.59
1297,World,WLD,Parts Per Million,Atmospheric Carbon Dioxide Concentrations,2012,09,391.32
1299,World,WLD,Parts Per Million,Atmospheric Carbon Dioxide Concentrations,2012,10,391.27
1301,World,WLD,Parts Per Million,Atmospheric Carbon Dioxide Concentrations,2012,11,393.2
1303,World,WLD,Parts Per Million,Atmospheric Carbon Dioxide Concentrations,2012,12,394.57
1305,World,WLD,Parts Per Million,Atmospheric Carbon Dioxide Concentrations,2013,01,395.78
1307,World,WLD,Parts Per Million,Atmospheric Carbon Dioxide Concentrations,2013,02,397.03
1309,World,WLD,Parts Per Million,Atmospheric Carbon Dioxide Concentrations,2013,03,397.66
1311,World,WLD,Parts Per Million,Atmospheric Carbon Dioxide Concentrations,2013,04,398.64
1313,World,WLD,Parts Per Million,Atmospheric Carbon Dioxide Concentrations,2013,05,400.02
1315,World,WLD,Parts Per Million,Atmospheric Carbon Dioxide Concentrations,2013,06,398.81
1317,World,WLD,Parts Per Million,Atmospheric Carbon Dioxide Concentrations,2013,07,397.51
1319,World,WLD,Parts Per Million,Atmospheric Carbon Dioxide Concentrations,2013,08,395.39
1321,World,WLD,Parts Per Million,Atmospheric Carbon Dioxide Concentrations,2013,09,393.72
1323,World,WLD,Parts Per Million,Atmospheric Carbon Dioxide Concentrations,2013,10,393.9
1325,World,WLD,Parts Per Million,Atmospheric Carbon Dioxide Concentrations,2013,11,395.36
1327,World,WLD,Parts Per Million,Atmospheric Carbon Dioxide Concentrations,2013,12,397.03
1329,World,WLD,Parts Per Million,Atmospheric Carbon Dioxide Concentrations,2014,01,398.04
1331,World,WLD,Parts Per Million,Atmospheric Carbon Dioxide Concentrations,2014,02,398.27
1333,World,WLD,Parts Per Million,Atmospheric Carbon Dioxide Concentrations,2014,03,399.91
1335,World,WLD,Parts Per Million,Atmospheric Carbon Dioxide Concentrations,2014,04,401.51
1337,World,WLD,Parts Per Million,Atmospheric Carbon Dioxide Concentrations,2014,05,401.96
1339,World,WLD,Parts Per Million,Atmospheric Carbon Dioxide Concentrations,2014,06,401.43
1341,World,WLD,Parts Per Million,Atmospheric Carbon Dioxide Concentrations,2014,07,399.27
1343,World,WLD,Parts Per Million,Atmospheric Carbon Dioxide Concentrations,2014,08,397.18
1345,World,WLD,Parts Per Million,Atmospheric Carbon Dioxide Concentrations,2014,09,395.54
1347,World,WLD,Parts Per Million,Atmospheric Carbon Dioxide Concentrations,2014,10,396.16
1349,World,WLD,Parts Per Million,Atmospheric Carbon Dioxide Concentrations,2014,11,397.4
1351,World,WLD,Parts Per Million,Atmospheric Carbon Dioxide Concentrations,2014,12,399.08
1353,World,WLD,Parts Per Million,Atmospheric Carbon Dioxide Concentrations,2015,01,400.18
1355,World,WLD,Parts Per Million,Atmospheric Carbon Dioxide Concentrations,2015,02,400.55
1357,World,WLD,Parts Per Million,Atmospheric Carbon Dioxide Concentrations,2015,03,401.74
1359,World,WLD,Parts Per Million,Atmospheric Carbon Dioxide Concentrations,2015,04,403.35
1361,World,WLD,Parts Per Million,Atmospheric Carbon Dioxide Concentrations,2015,05,404.15
1363,World,WLD,Parts Per Million,Atmospheric Carbon Dioxide Concentrations,2015,06,402.97
1365,World,WLD,Parts Per Million,Atmospheric Carbon Dioxide Concentrations,2015,07,401.46
1367,World,WLD,Parts Per Million,Atmospheric Carbon Dioxide Concentrations,2015,08,399.11
1369,World,WLD,Parts Per Million,Atmospheric Carbon Dioxide Concentrations,2015,09,397.82
1371,World,WLD,Parts Per Million,Atmospheric Carbon Dioxide Concentrations,2015,10,398.49
1373,World,WLD,Parts Per Million,Atmospheric Carbon Dioxide Concentrations,2015,11,400.27
1375,World,WLD,Parts Per Million,Atmospheric Carbon Dioxide Concentrations,2015,12,402.06
1377,World,WLD,Parts Per Million,Atmospheric Carbon Dioxide Concentrations,2016,01,402.73
1379,World,WLD,Parts Per Million,Atmospheric Carbon Dioxide Concentrations,2016,02,404.25
1381,World,WLD,Parts Per Million,Atmospheric Carbon Dioxide Concentrations,2016,03,405.06
1383,World,WLD,Parts Per Million,Atmospheric Carbon Dioxide Concentrations,2016,04,407.6
1385,World,WLD,Parts Per Million,Atmospheric Carbon Dioxide Concentrations,2016,05,407.9
1387,World,WLD,Parts Per Million,Atmospheric Carbon Dioxide Concentrations,2016,06,406.99
1389,World,WLD,Parts Per Million,Atmospheric Carbon Dioxide Concentrations,2016,07,404.59
1391,World,WLD,Parts Per Million,Atmospheric Carbon Dioxide Concentrations,2016,08,402.45
1393,World,WLD,Parts Per Million,Atmospheric Carbon Dioxide Concentrations,2016,09,401.23
1395,World,WLD,Parts Per Million,Atmospheric Carbon Dioxide Concentrations,2016,10,401.79
1397,World,WLD,Parts Per Million,Atmospheric Carbon Dioxide Concentrations,2016,11,403.72
1399,World,WLD,Parts Per Million,Atmospheric Carbon Dioxide Concentrations,2016,12,404.64
1401,World,WLD,Parts Per Million,Atmospheric Carbon Dioxide Concentrations,2017,01,406.36
1403,World,WLD,Parts Per Million,Atmospheric Carbon Dioxide Concentrations,2017,02,406.66
1405,World,WLD,Parts Per Million,Atmospheric Carbon Dioxide Concentrations,2017,03,407.54
1407,World,WLD,Parts Per Million,Atmospheric Carbon Dioxide Concentrations,2017,04,409.22
1409,World,WLD,Parts Per Million,Atmospheric Carbon Dioxide Concentrations,2017,05,409.89
1411,World,WLD,Parts Per Million,Atmospheric Carbon Dioxide Concentrations,2017,06,409.08
1413,World,WLD,Parts Per Million,Atmospheric Carbon Dioxide Concentrations,2017,07,407.33
1415,World,WLD,Parts Per Million,Atmospheric Carbon Dioxide Concentrations,2017,08,405.32
1417,World,WLD,Parts Per Million,Atmospheric Carbon Dioxide Concentrations,2017,09,403.57
1419,World,WLD,Parts Per Million,Atmospheric Carbon Dioxide Concentrations,2017,10,403.82
1421,World,WLD,Parts Per Million,Atmospheric Carbon Dioxide Concentrations,2017,11,405.31
1423,World,WLD,Parts Per Million,Atmospheric Carbon Dioxide Concentrations,2017,12,407
1425,World,WLD,Parts Per Million,Atmospheric Carbon Dioxide Concentrations,2018,01,408.15
1427,World,WLD,Parts Per Million,Atmospheric Carbon Dioxide Concentrations,2018,02,408.52
1429,World,WLD,Parts Per Million,Atmospheric Carbon Dioxide Concentrations,2018,03,409.59
1431,World,WLD,Parts Per Million,Atmospheric Carbon Dioxide Concentrations,2018,04,410.45
1433,World,WLD,Parts Per Million,Atmospheric Carbon Dioxide Concentrations,2018,05,411.44
1435,World,WLD,Parts Per Million,Atmospheric Carbon Dioxide Concentrations,2018,06,410.99
1437,World,WLD,Parts Per Million,Atmospheric Carbon Dioxide Concentrations,2018,07,408.9
1439,World,WLD,Parts Per Million,Atmospheric Carbon Dioxide Concentrations,2018,08,407.16
1441,World,WLD,Parts Per Million,Atmospheric Carbon Dioxide Concentrations,2018,09,405.71
1443,World,WLD,Parts Per Million,Atmospheric Carbon Dioxide Concentrations,2018,10,406.19
1445,World,WLD,Parts Per Million,Atmospheric Carbon Dioxide Concentrations,2018,11,408.21
1447,World,WLD,Parts Per Million,Atmospheric Carbon Dioxide Concentrations,2018,12,409.27
1449,World,WLD,Parts Per Million,Atmospheric Carbon Dioxide Concentrations,2019,01,411.03
1451,World,WLD,Parts Per Million,Atmospheric Carbon Dioxide Concentrations,2019,02,411.96
1453,World,WLD,Parts Per Million,Atmospheric Carbon Dioxide Concentrations,2019,03,412.18
1455,World,WLD,Parts Per Million,Atmospheric Carbon Dioxide Concentrations,2019,04,413.54
1457,World,WLD,Parts Per Million,Atmospheric Carbon Dioxide Concentrations,2019,05,414.86
1459,World,WLD,Parts Per Million,Atmospheric Carbon Dioxide Concentrations,2019,06,414.16
1461,World,WLD,Parts Per Million,Atmospheric Carbon Dioxide Concentrations,2019,07,411.97
1463,World,WLD,Parts Per Million,Atmospheric Carbon Dioxide Concentrations,2019,08,410.18
1465,World,WLD,Parts Per Million,Atmospheric Carbon Dioxide Concentrations,2019,09,408.76
1467,World,WLD,Parts Per Million,Atmospheric Carbon Dioxide Concentrations,2019,10,408.75
1469,World,WLD,Parts Per Million,Atmospheric Carbon Dioxide Concentrations,2019,11,410.48
1471,World,WLD,Parts Per Million,Atmospheric Carbon Dioxide Concentrations,2019,12,411.98
1473,World,WLD,Parts Per Million,Atmospheric Carbon Dioxide Concentrations,2020,01,413.61
1475,World,WLD,Parts Per Million,Atmospheric Carbon Dioxide Concentrations,2020,02,414.34
1477,World,WLD,Parts Per Million,Atmospheric Carbon Dioxide Concentrations,2020,03,414.74
1479,World,WLD,Parts Per Million,Atmospheric Carbon Dioxide Concentrations,2020,04,416.45
1481,World,WLD,Parts Per Million,Atmospheric Carbon Dioxide Concentrations,2020,05,417.31
1483,World,WLD,Parts Per Million,Atmospheric Carbon Dioxide Concentrations,2020,06,416.6
1485,World,WLD,Parts Per Million,Atmospheric Carbon Dioxide Concentrations,2020,07,414.62
1487,World,WLD,Parts Per Million,Atmospheric Carbon Dioxide Concentrations,2020,08,412.78
1489,World,WLD,Parts Per Million,Atmospheric Carbon Dioxide Concentrations,2020,09,411.52
1491,World,WLD,Parts Per Million,Atmospheric Carbon Dioxide Concentrations,2020,10,411.51
1493,World,WLD,Parts Per Million,Atmospheric Carbon Dioxide Concentrations,2020,11,413.12
1495,World,WLD,Parts Per Million,Atmospheric Carbon Dioxide Concentrations,2020,12,414.26
1497,World,WLD,Parts Per Million,Atmospheric Carbon Dioxide Concentrations,2021,01,415.52
1499,World,WLD,Parts Per Million,Atmospheric Carbon Dioxide Concentrations,2021,02,416.75
1501,World,WLD,Parts Per Million,Atmospheric Carbon Dioxide Concentrations,2021,03,417.64
1503,World,WLD,Parts Per Million,Atmospheric Carbon Dioxide Concentrations,2021,04,419.05
1505,World,WLD,Parts Per Million,Atmospheric Carbon Dioxide Concentrations,2021,05,419.13
1507,World,WLD,Parts Per Million,Atmospheric Carbon Dioxide Concentrations,2021,06,418.94
1509,World,WLD,Parts Per Million,Atmospheric Carbon Dioxide Concentrations,2021,07,416.96
1511,World,WLD,Parts Per Million,Atmospheric Carbon Dioxide Concentrations,2021,08,414.47
1513,World,WLD,Parts Per Million,Atmospheric Carbon Dioxide Concentrations,2021,09,413.3
1515,World,WLD,Parts Per Million,Atmospheric Carbon Dioxide Concentrations,2021,10,413.93
1517,World,WLD,Parts Per Million,Atmospheric Carbon Dioxide Concentrations,2021,11,415.01
1519,World,WLD,Parts Per Million,Atmospheric Carbon Dioxide Concentrations,2021,12,416.71
1521,World,WLD,Parts Per Million,Atmospheric Carbon Dioxide Concentrations,2022,01,418.19
1523,World,WLD,Parts Per Million,Atmospheric Carbon Dioxide Concentrations,2022,02,419.28
1525,World,WLD,Parts Per Million,Atmospheric Carbon Dioxide Concentrations,2022,03,418.81
1527,World,WLD,Parts Per Million,Atmospheric Carbon Dioxide Concentrations,2022,04,420.23
1529,World,WLD,Parts Per Million,Atmospheric Carbon Dioxide Concentrations,2022,05,420.99
1531,World,WLD,Parts Per Million,Atmospheric Carbon Dioxide Concentrations,2022,06,420.99
1533,World,WLD,Parts Per Million,Atmospheric Carbon Dioxide Concentrations,2022,07,418.9
1535,World,WLD,Parts Per Million,Atmospheric Carbon Dioxide Concentrations,2022,08,417.19
1537,World,WLD,Parts Per Million,Atmospheric Carbon Dioxide Concentrations,2022,09,415.95
1539,World,WLD,Parts Per Million,Atmospheric Carbon Dioxide Concentrations,2022,10,415.78
1541,World,WLD,Parts Per Million,Atmospheric Carbon Dioxide Concentrations,2022,11,417.51
1543,World,WLD,Parts Per Million,Atmospheric Carbon Dioxide Concentrations,2022,12,418.95
1545,World,WLD,Parts Per Million,Atmospheric Carbon Dioxide Concentrations,2023,01,419.47
1547,World,WLD,Parts Per Million,Atmospheric Carbon Dioxide Concentrations,2023,02,420.41